annee,taux_chomage_total_modelise_oit_pct,taux_chomage_jeunes_15_24_modelise_oit_pct,source
2000,13.6,,"World Bank Open Data - Unemployment, total (% of total labor force) (modeled ILO estimate), indicateur SL.UEM.TOTL.ZS - https://data.worldbank.org/indicator/SL.UEM.TOTL.ZS ; telechargement direct: https://api.worldbank.org/v2/en/indicator/SL.UEM.TOTL.ZS?downloadformat=csv"
2001,12.5,,"World Bank Open Data - Unemployment, total (% of total labor force) (modeled ILO estimate), indicateur SL.UEM.TOTL.ZS - https://data.worldbank.org/indicator/SL.UEM.TOTL.ZS ; telechargement direct: https://api.worldbank.org/v2/en/indicator/SL.UEM.TOTL.ZS?downloadformat=csv"
2002,11.6,,"World Bank Open Data - Unemployment, total (% of total labor force) (modeled ILO estimate), indicateur SL.UEM.TOTL.ZS - https://data.worldbank.org/indicator/SL.UEM.TOTL.ZS ; telechargement direct: https://api.worldbank.org/v2/en/indicator/SL.UEM.TOTL.ZS?downloadformat=csv"
2003,11.9,,"World Bank Open Data - Unemployment, total (% of total labor force) (modeled ILO estimate), indicateur SL.UEM.TOTL.ZS - https://data.worldbank.org/indicator/SL.UEM.TOTL.ZS ; telechargement direct: https://api.worldbank.org/v2/en/indicator/SL.UEM.TOTL.ZS?downloadformat=csv"
2004,10.8,,"World Bank Open Data - Unemployment, total (% of total labor force) (modeled ILO estimate), indicateur SL.UEM.TOTL.ZS - https://data.worldbank.org/indicator/SL.UEM.TOTL.ZS ; telechargement direct: https://api.worldbank.org/v2/en/indicator/SL.UEM.TOTL.ZS?downloadformat=csv"
2005,11.0,,"World Bank Open Data - Unemployment, total (% of total labor force) (modeled ILO estimate), indicateur SL.UEM.TOTL.ZS - https://data.worldbank.org/indicator/SL.UEM.TOTL.ZS ; telechargement direct: https://api.worldbank.org/v2/en/indicator/SL.UEM.TOTL.ZS?downloadformat=csv"
2006,9.7,,"World Bank Open Data - Unemployment, total (% of total labor force) (modeled ILO estimate), indicateur SL.UEM.TOTL.ZS - https://data.worldbank.org/indicator/SL.UEM.TOTL.ZS ; telechargement direct: https://api.worldbank.org/v2/en/indicator/SL.UEM.TOTL.ZS?downloadformat=csv"
2007,9.6,,"World Bank Open Data - Unemployment, total (% of total labor force) (modeled ILO estimate), indicateur SL.UEM.TOTL.ZS - https://data.worldbank.org/indicator/SL.UEM.TOTL.ZS ; telechargement direct: https://api.worldbank.org/v2/en/indicator/SL.UEM.TOTL.ZS?downloadformat=csv"
2008,9.6,,"World Bank Open Data - Unemployment, total (% of total labor force) (modeled ILO estimate), indicateur SL.UEM.TOTL.ZS - https://data.worldbank.org/indicator/SL.UEM.TOTL.ZS ; telechargement direct: https://api.worldbank.org/v2/en/indicator/SL.UEM.TOTL.ZS?downloadformat=csv"
2009,9.0,,"World Bank Open Data - Unemployment, total (% of total labor force) (modeled ILO estimate), indicateur SL.UEM.TOTL.ZS - https://data.worldbank.org/indicator/SL.UEM.TOTL.ZS ; telechargement direct: https://api.worldbank.org/v2/en/indicator/SL.UEM.TOTL.ZS?downloadformat=csv"
2010,9.1,,"World Bank Open Data - Unemployment, total (% of total labor force) (modeled ILO estimate), indicateur SL.UEM.TOTL.ZS - https://data.worldbank.org/indicator/SL.UEM.TOTL.ZS ; telechargement direct: https://api.worldbank.org/v2/en/indicator/SL.UEM.TOTL.ZS?downloadformat=csv"
2011,8.9,,"World Bank Open Data - Unemployment, total (% of total labor force) (modeled ILO estimate), indicateur SL.UEM.TOTL.ZS - https://data.worldbank.org/indicator/SL.UEM.TOTL.ZS ; telechargement direct: https://api.worldbank.org/v2/en/indicator/SL.UEM.TOTL.ZS?downloadformat=csv"
2012,9.0,,"World Bank Open Data - Unemployment, total (% of total labor force) (modeled ILO estimate), indicateur SL.UEM.TOTL.ZS - https://data.worldbank.org/indicator/SL.UEM.TOTL.ZS ; telechargement direct: https://api.worldbank.org/v2/en/indicator/SL.UEM.TOTL.ZS?downloadformat=csv"
2013,9.2,,"World Bank Open Data - Unemployment, total (% of total labor force) (modeled ILO estimate), indicateur SL.UEM.TOTL.ZS - https://data.worldbank.org/indicator/SL.UEM.TOTL.ZS ; telechargement direct: https://api.worldbank.org/v2/en/indicator/SL.UEM.TOTL.ZS?downloadformat=csv"
2014,9.7,,"World Bank Open Data - Unemployment, total (% of total labor force) (modeled ILO estimate), indicateur SL.UEM.TOTL.ZS - https://data.worldbank.org/indicator/SL.UEM.TOTL.ZS ; telechargement direct: https://api.worldbank.org/v2/en/indicator/SL.UEM.TOTL.ZS?downloadformat=csv"
2015,9.5,,"World Bank Open Data - Unemployment, total (% of total labor force) (modeled ILO estimate), indicateur SL.UEM.TOTL.ZS - https://data.worldbank.org/indicator/SL.UEM.TOTL.ZS ; telechargement direct: https://api.worldbank.org/v2/en/indicator/SL.UEM.TOTL.ZS?downloadformat=csv"
2016,9.3,,"World Bank Open Data - Unemployment, total (% of total labor force) (modeled ILO estimate), indicateur SL.UEM.TOTL.ZS - https://data.worldbank.org/indicator/SL.UEM.TOTL.ZS ; telechargement direct: https://api.worldbank.org/v2/en/indicator/SL.UEM.TOTL.ZS?downloadformat=csv"
2017,9.2,,"World Bank Open Data - Unemployment, total (% of total labor force) (modeled ILO estimate), indicateur SL.UEM.TOTL.ZS - https://data.worldbank.org/indicator/SL.UEM.TOTL.ZS ; telechargement direct: https://api.worldbank.org/v2/en/indicator/SL.UEM.TOTL.ZS?downloadformat=csv"
2018,9.3,,"World Bank Open Data - Unemployment, total (% of total labor force) (modeled ILO estimate), indicateur SL.UEM.TOTL.ZS - https://data.worldbank.org/indicator/SL.UEM.TOTL.ZS ; telechargement direct: https://api.worldbank.org/v2/en/indicator/SL.UEM.TOTL.ZS?downloadformat=csv"
2019,9.2,,"World Bank Open Data - Unemployment, total (% of total labor force) (modeled ILO estimate), indicateur SL.UEM.TOTL.ZS - https://data.worldbank.org/indicator/SL.UEM.TOTL.ZS ; telechargement direct: https://api.worldbank.org/v2/en/indicator/SL.UEM.TOTL.ZS?downloadformat=csv"
2020,11.2,,"World Bank Open Data - Unemployment, total (% of total labor force) (modeled ILO estimate), indicateur SL.UEM.TOTL.ZS - https://data.worldbank.org/indicator/SL.UEM.TOTL.ZS ; telechargement direct: https://api.worldbank.org/v2/en/indicator/SL.UEM.TOTL.ZS?downloadformat=csv"
2021,10.6,25.053,"World Bank Open Data - Unemployment, total (% of total labor force) (modeled ILO estimate), indicateur SL.UEM.TOTL.ZS - https://data.worldbank.org/indicator/SL.UEM.TOTL.ZS ; telechargement direct: https://api.worldbank.org/v2/en/indicator/SL.UEM.TOTL.ZS?downloadformat=csv"
2022,9.4,22.713,"World Bank Open Data - Unemployment, total (% of total labor force) (modeled ILO estimate), indicateur SL.UEM.TOTL.ZS - https://data.worldbank.org/indicator/SL.UEM.TOTL.ZS ; telechargement direct: https://api.worldbank.org/v2/en/indicator/SL.UEM.TOTL.ZS?downloadformat=csv"
2023,8.9,21.974,"World Bank Open Data - Unemployment, total (% of total labor force) (modeled ILO estimate), indicateur SL.UEM.TOTL.ZS - https://data.worldbank.org/indicator/SL.UEM.TOTL.ZS ; telechargement direct: https://api.worldbank.org/v2/en/indicator/SL.UEM.TOTL.ZS?downloadformat=csv"
2024,9.1,22.372,"World Bank Open Data - Unemployment, total (% of total labor force) (modeled ILO estimate), indicateur SL.UEM.TOTL.ZS - https://data.worldbank.org/indicator/SL.UEM.TOTL.ZS ; telechargement direct: https://api.worldbank.org/v2/en/indicator/SL.UEM.TOTL.ZS?downloadformat=csv"
2025,9.0,21.882,"World Bank Open Data - Unemployment, total (% of total labor force) (modeled ILO estimate), indicateur SL.UEM.TOTL.ZS - https://data.worldbank.org/indicator/SL.UEM.TOTL.ZS ; telechargement direct: https://api.worldbank.org/v2/en/indicator/SL.UEM.TOTL.ZS?downloadformat=csv"
